ID,Type,SKU,"GTIN, UPC, EAN, or ISBN",Name,Published,Is featured?,Visibility in catalog,Short description,Description,Date sale price starts,Date sale price ends,Tax status,Tax class,In stock?,Stock,Low stock amount,Backorders allowed?,Sold individually?,Weight (kg),Length (cm),Width (cm),Height (cm),Allow customer reviews?,Purchase note,Sale price,Regular price,Categories,Tags,Shipping class,Images,Download limit,Download expiry days,Parent,Grouped products,Upsells,Cross-sells,External URL,Button text,Position,Brands,Meta: model,Meta: color,Meta: version,Meta: yearmodel,Meta: mileage,Meta: transmission,Meta: fuel,Meta: featured,Meta: features_name,Meta: rm_id,Meta: rm_marca,Meta: rm_ano_fabricacao,Meta: rm_portas,Meta: rm_placa,Meta: rm_motor,Meta: rm_chassi,Meta: rm_condicao,Meta: rm_cidade,Meta: rm_estado,Meta: rm_image_urls,Meta: rm_sync_hash,Attribute 1 name,Attribute 1 value(s),Attribute 1 visible,Attribute 1 global,Attribute 2 name,Attribute 2 value(s),Attribute 2 visible,Attribute 2 global,Attribute 3 name,Attribute 3 value(s),Attribute 3 visible,Attribute 3 global,Attribute 4 name,Attribute 4 value(s),Attribute 4 visible,Attribute 4 global,Attribute 5 name,Attribute 5 value(s),Attribute 5 visible,Attribute 5 global,Attribute 6 name,Attribute 6 value(s),Attribute 6 visible,Attribute 6 global,Attribute 7 name,Attribute 7 value(s),Attribute 7 visible,Attribute 7 global,Attribute 8 name,Attribute 8 value(s),Attribute 8 visible,Attribute 8 global,Attribute 9 name,Attribute 9 value(s),Attribute 9 visible,Attribute 9 global,Attribute 10 name,Attribute 10 value(s),Attribute 10 visible,Attribute 10 global,Attribute 11 name,Attribute 11 value(s),Attribute 11 visible,Attribute 11 global,Attribute 12 name,Attribute 12 value(s),Attribute 12 visible,Attribute 12 global,Attribute 13 name,Attribute 13 value(s),Attribute 13 visible,Attribute 13 global,Attribute 14 name,Attribute 14 value(s),Attribute 14 visible,Attribute 14 global,Attribute 15 name,Attribute 15 value(s),Attribute 15 visible,Attribute 15 global,Meta: _model,Meta: _features_name,Meta: features,Meta: _features,Meta: _color,Meta: _version,Meta: _yearmodel,Meta: _mileage,Meta: _transmission,Meta: _fuel
1116,simple,RM-8072278,,Hyundai Creta 16a Smart 2020,1,0,visible,flex | 85917 km | branco | automatico,,,,taxable,,1,1,,0,1,,,,,1,,,84900,Uncategorized,,,,,,,,,,,,0,,Creta 16a Smart,Branco,16a Smart,2020,85917,Automatico,Flex,1,Airbag | Alarme | Apoio De Braco | Ar-Condicionado | Ar Quente | Cambio Automatico | Desembacador Traseiro | Direcao Eletrica | Limpador Traseiro | Retrovisor Eletrico | Rodas De Liga Leve | Trava Eletrica | Vidros Eletricos | Chave Copiareserva | Computador De Bordo | Console Central | Encosto De Cabeca Traseiro | Entrada Auxiliar | Isofix | Manual Do Proprietario | Porta Copos | Radio Bluetooth | Regulagem Altura Do Banco | Som | Trio Eletrico | Usb | Volante Com Multifuncao | Volante Com Regulagem De Altura E Profundidade,8072278,hyundai,2019,5,rec0f98,1.6,9bhga811blp155497,USADO,brasilia,distrito federal,[],9ae1a420,,,,,,,,,,,,,,,,,,,,,,,,,,,,,,,,,,,,,,,,,,,,,,,,,,,,,,,,,,,,,,,,,,,,,,
1152,simple,RM-7583697,,Renault Duster 20 D 4x2a 2015,1,0,visible,flex | 171000 km | branco | automatico,consta passagem por leilao de seguradora.,,,taxable,,1,1,,0,1,,,,,1,,,51900,"Carro, Suv","Airbag, Airbag Duplo, Alarme, Ar Quente, Ar-Condicionado, Bancos De Couro, Cambio Automatico, Camera De Re, Cd Controle No Volante, Computador De Bordo, Desembacador Traseiro, Direcao Hidraulica, Encosto De Cabeca Traseiro, Engate, Farol De Milha, Ipva Pago E Licenciado, Limpador Traseiro, Porta Copos, Regulagem Altura Do Banco, Retrovisor Eletrico, Rodas De Liga Leve, Sensor De Estacionamento, Som, Som Multimidia, Trava Eletrica, Trio Eletrico, Usb, Vidros Eletricos, Volante Com Regulagem De Altura",,"https://rodovia-veiculos-wordpress.75516c.easypanel.host/wp-content/uploads/2026/05/7583697_10_O_9415feb3dd-11.jpg, https://rodovia-veiculos-wordpress.75516c.easypanel.host/wp-content/uploads/2026/05/7583697_2_O_c93a1a54bf-11.jpeg, https://rodovia-veiculos-wordpress.75516c.easypanel.host/wp-content/uploads/2026/05/7583697_3_O_0366121548-11.jpeg, https://rodovia-veiculos-wordpress.75516c.easypanel.host/wp-content/uploads/2026/05/7583697_4_O_35c06f7d0c-11.jpeg, https://rodovia-veiculos-wordpress.75516c.easypanel.host/wp-content/uploads/2026/05/7583697_5_O_e465ae4e2d-11.jpeg, https://rodovia-veiculos-wordpress.75516c.easypanel.host/wp-content/uploads/2026/05/7583697_6_O_43aa3c6a73-11.jpeg, https://rodovia-veiculos-wordpress.75516c.easypanel.host/wp-content/uploads/2026/05/7583697_7_O_678390fca2-11.jpeg, https://rodovia-veiculos-wordpress.75516c.easypanel.host/wp-content/uploads/2026/05/7583697_8_O_d14e9e01d1-11.jpeg, https://rodovia-veiculos-wordpress.75516c.easypanel.host/wp-content/uploads/2026/05/7583697_9_O_8cffe95520-11.jpeg, https://rodovia-veiculos-wordpress.75516c.easypanel.host/wp-content/uploads/2026/05/7583697_10_O_77e9e90a53-11.jpeg",,,,,,,,,0,,Duster 20 D 4x2a,Branco,20 D 4x2a,2015,171000,Automatico,Flex,1,Airbag | Alarme | Ar-Condicionado | Ar Quente | Bancos De Couro | Cambio Automatico | Desembacador Traseiro | Direcao Hidraulica | Limpador Traseiro | Retrovisor Eletrico | Rodas De Liga Leve | Sensor De Estacionamento | Som Multimidia | Trava Eletrica | Vidros Eletricos | Airbag Duplo | Camera De Re | Cd Controle No Volante | Computador De Bordo | Encosto De Cabeca Traseiro | Engate | Farol De Milha | Ipva Pago E Licenciado | Porta Copos | Regulagem Altura Do Banco | Som | Trio Eletrico | Usb | Volante Com Regulagem De Altura,7583697,renault,2014,5,ozy6h65,2.0,93yhsr2lafj465419,USADO,brasilia,distrito federal,"[""https://s3.carro57.com.br/FC/2583/7583697_10_O_9415feb3dd.png"",""https://s3.carro57.com.br/FC/2583/7583697_2_O_c93a1a54bf.jpeg"",""https://s3.carro57.com.br/FC/2583/7583697_3_O_0366121548.jpeg"",""https://s3.carro57.com.br/FC/2583/7583697_4_O_35c06f7d0c.jpeg"",""https://s3.carro57.com.br/FC/2583/7583697_5_O_e465ae4e2d.jpeg"",""https://s3.carro57.com.br/FC/2583/7583697_6_O_43aa3c6a73.jpeg"",""https://s3.carro57.com.br/FC/2583/7583697_7_O_678390fca2.jpeg"",""https://s3.carro57.com.br/FC/2583/7583697_8_O_d14e9e01d1.jpeg"",""https://s3.carro57.com.br/FC/2583/7583697_9_O_8cffe95520.jpeg"",""https://s3.carro57.com.br/FC/2583/7583697_10_O_77e9e90a53.jpeg""]",cc26819f,Modelo,Duster 20 D 4x2a,1,1,Cor,Branco,1,1,Versão,20 D 4x2a,1,1,Ano do modelo,2015,1,1,Quilometragem,171000,1,1,Transmissão,Automatico,1,1,Combustivel,Flex,1,1,Marca,renault,1,1,Ano de Fabricação,2014,1,1,Portas,5,1,1,Motor,2.0,1,1,Chassi,93yhsr2lafj465419,1,1,Condição,USADO,1,1,Cidade,brasilia,1,1,Estado,distrito federal,1,1,,,,,,,,,,
1154,simple,RM-8002183,,Volkswagen Fox Xtreme Mb 2018,1,0,visible,flex | 66224 km | preto | manual,,,,taxable,,1,1,,0,1,,,,,1,,,61900,Carro,"Airbag, Alarme, Apoio De Braco, Ar Quente, Ar-Condicionado, Cambio Manual, Camera De Re, Chave Copiareserva, Computador De Bordo, Desembacador Traseiro, Direcao Eletrica, Encosto De Cabeca Traseiro, Ipva Pago E Licenciado, Limpador Traseiro, Manual Do Proprietario, Porta Copos, Retrovisor Eletrico, Rodas De Liga Leve, Som Multimidia, Touch Screen, Trava Eletrica, Trio Eletrico, Usb, Vidros Eletricos, Volante Com Multifuncao",,"https://rodovia-veiculos-wordpress.75516c.easypanel.host/wp-content/uploads/2026/05/8002183_10_O_1f159955ba-9.jpg, https://rodovia-veiculos-wordpress.75516c.easypanel.host/wp-content/uploads/2026/05/8002183_0_O_da1b99a3bd-9.jpg, https://rodovia-veiculos-wordpress.75516c.easypanel.host/wp-content/uploads/2026/05/8002183_1_O_53ca2b8399-9.jpeg, https://rodovia-veiculos-wordpress.75516c.easypanel.host/wp-content/uploads/2026/05/8002183_2_O_f85457490c-9.jpeg, https://rodovia-veiculos-wordpress.75516c.easypanel.host/wp-content/uploads/2026/05/8002183_3_O_a7ce85ef1f-9.jpeg, https://rodovia-veiculos-wordpress.75516c.easypanel.host/wp-content/uploads/2026/05/8002183_4_O_aa977344af-9.jpeg, https://rodovia-veiculos-wordpress.75516c.easypanel.host/wp-content/uploads/2026/05/8002183_5_O_c7d59d6778-9.jpeg, https://rodovia-veiculos-wordpress.75516c.easypanel.host/wp-content/uploads/2026/05/8002183_7_O_6163cd07d2-9.jpeg, https://rodovia-veiculos-wordpress.75516c.easypanel.host/wp-content/uploads/2026/05/8002183_6_O_7ccbd63418-9.jpeg, https://rodovia-veiculos-wordpress.75516c.easypanel.host/wp-content/uploads/2026/05/8002183_8_O_70c9bb938e-9.jpeg, https://rodovia-veiculos-wordpress.75516c.easypanel.host/wp-content/uploads/2026/05/8002183_9_O_035f612347-9.jpeg",,,,,,,,,0,,Fox Xtreme Mb,Preto,Xtreme Mb,2018,66224,Manual,Flex,1,Airbag | Alarme | Apoio De Braco | Ar-Condicionado | Ar Quente | Cambio Manual | Desembacador Traseiro | Direcao Eletrica | Limpador Traseiro | Retrovisor Eletrico | Rodas De Liga Leve | Som Multimidia | Trava Eletrica | Vidros Eletricos | Camera De Re | Chave Copiareserva | Computador De Bordo | Encosto De Cabeca Traseiro | Ipva Pago E Licenciado | Manual Do Proprietario | Porta Copos | Touch Screen | Trio Eletrico | Usb | Volante Com Multifuncao,8002183,volkswagen,2017,5,pbk8802,1.6,9bwab45z5j4021570,USADO,brasilia,distrito federal,"[""https://s3.carro57.com.br/FC/2583/8002183_10_O_1f159955ba.png"",""https://s3.carro57.com.br/FC/2583/8002183_0_O_da1b99a3bd.png"",""https://s3.carro57.com.br/FC/2583/8002183_1_O_53ca2b8399.jpeg"",""https://s3.carro57.com.br/FC/2583/8002183_2_O_f85457490c.jpeg"",""https://s3.carro57.com.br/FC/2583/8002183_3_O_a7ce85ef1f.jpeg"",""https://s3.carro57.com.br/FC/2583/8002183_4_O_aa977344af.jpeg"",""https://s3.carro57.com.br/FC/2583/8002183_5_O_c7d59d6778.jpeg"",""https://s3.carro57.com.br/FC/2583/8002183_7_O_6163cd07d2.jpeg"",""https://s3.carro57.com.br/FC/2583/8002183_6_O_7ccbd63418.jpeg"",""https://s3.carro57.com.br/FC/2583/8002183_8_O_70c9bb938e.jpeg"",""https://s3.carro57.com.br/FC/2583/8002183_9_O_035f612347.jpeg""]",405d7b7e,Modelo,Fox Xtreme Mb,1,1,Cor,Preto,1,1,Versão,Xtreme Mb,1,1,Ano do modelo,2018,1,1,Quilometragem,66224,1,1,Transmissão,Manual,1,1,Combustivel,Flex,1,1,Marca,volkswagen,1,1,Ano de Fabricação,2017,1,1,Portas,5,1,1,Motor,1.6,1,1,Chassi,9bwab45z5j4021570,1,1,Condição,USADO,1,1,Cidade,brasilia,1,1,Estado,distrito federal,1,1,,,,,,,,,,
1155,simple,RM-8072046,,Fiat Pulse Mt 2022,1,0,visible,flex | 69246 km | azul | manual,,,,taxable,,1,1,,0,1,,,,,1,,,81900,Carro,"Airbag, Alarme, Ar Quente, Ar-Condicionado, Cambio Manual, Chave Copiareserva, Computador De Bordo, Console Central, Desembacador Traseiro, Direcao Eletrica, Encosto De Cabeca Traseiro, Espelhamento De Celular, Ipva Pago E Licenciado, Isofix, Kit Multimidia, Limpador Traseiro, Manual Do Proprietario, Porta Copos, Retrovisor Eletrico, Rodas De Liga Leve, Touch Screen, Trava Eletrica, Trio Eletrico, Usb, Vidros Eletricos, Volante Com Multifuncao, Volante Com Regulagem De Altura E Profundidade",,"https://rodovia-veiculos-wordpress.75516c.easypanel.host/wp-content/uploads/2026/05/8072046_0_O_811723f2a5-7.jpg, https://rodovia-veiculos-wordpress.75516c.easypanel.host/wp-content/uploads/2026/05/8072046_1_O_76a9570bd7-7.jpeg, https://rodovia-veiculos-wordpress.75516c.easypanel.host/wp-content/uploads/2026/05/8072046_2_O_2c90beae75-7.jpeg, https://rodovia-veiculos-wordpress.75516c.easypanel.host/wp-content/uploads/2026/05/8072046_3_O_567ee5792b-7.jpeg, https://rodovia-veiculos-wordpress.75516c.easypanel.host/wp-content/uploads/2026/05/8072046_4_O_bf42b3e3e9-7.jpeg, https://rodovia-veiculos-wordpress.75516c.easypanel.host/wp-content/uploads/2026/05/8072046_5_O_1f971ec8e8-7.jpeg, https://rodovia-veiculos-wordpress.75516c.easypanel.host/wp-content/uploads/2026/05/8072046_6_O_1f4c747372-7.jpeg, https://rodovia-veiculos-wordpress.75516c.easypanel.host/wp-content/uploads/2026/05/8072046_9_O_4af8b05041-7.jpeg, https://rodovia-veiculos-wordpress.75516c.easypanel.host/wp-content/uploads/2026/05/8072046_7_O_7cf28a4c46-7.jpeg, https://rodovia-veiculos-wordpress.75516c.easypanel.host/wp-content/uploads/2026/05/8072046_8_O_61f75578e6-7.jpeg",,,,,,,,,0,,Pulse Mt,Azul,Mt,2022,69246,Manual,Flex,1,Airbag | Alarme | Ar-Condicionado | Ar Quente | Cambio Manual | Desembacador Traseiro | Direcao Eletrica | Limpador Traseiro | Retrovisor Eletrico | Rodas De Liga Leve | Trava Eletrica | Vidros Eletricos | Chave Copiareserva | Computador De Bordo | Console Central | Encosto De Cabeca Traseiro | Espelhamento De Celular | Ipva Pago E Licenciado | Isofix | Kit Multimidia | Manual Do Proprietario | Porta Copos | Touch Screen | Trio Eletrico | Usb | Volante Com Multifuncao | Volante Com Regulagem De Altura E Profundidade,8072046,fiat,2022,5,rev2g97,1.3,9bd363a13nyz38331,USADO,brasilia,distrito federal,"[""https://s3.carro57.com.br/FC/2583/8072046_0_O_811723f2a5.png"",""https://s3.carro57.com.br/FC/2583/8072046_1_O_76a9570bd7.jpeg"",""https://s3.carro57.com.br/FC/2583/8072046_2_O_2c90beae75.jpeg"",""https://s3.carro57.com.br/FC/2583/8072046_3_O_567ee5792b.jpeg"",""https://s3.carro57.com.br/FC/2583/8072046_4_O_bf42b3e3e9.jpeg"",""https://s3.carro57.com.br/FC/2583/8072046_5_O_1f971ec8e8.jpeg"",""https://s3.carro57.com.br/FC/2583/8072046_6_O_1f4c747372.jpeg"",""https://s3.carro57.com.br/FC/2583/8072046_9_O_4af8b05041.jpeg"",""https://s3.carro57.com.br/FC/2583/8072046_7_O_7cf28a4c46.jpeg"",""https://s3.carro57.com.br/FC/2583/8072046_8_O_61f75578e6.jpeg""]",47945e57,Modelo,Pulse Mt,1,1,Cor,Azul,1,1,Versão,Mt,1,1,Ano do modelo,2022,1,1,Quilometragem,69246,1,1,Transmissão,Manual,1,1,Combustivel,Flex,1,1,Marca,fiat,1,1,Ano de Fabricação,2022,1,1,Portas,5,1,1,Motor,1.3,1,1,Chassi,9bd363a13nyz38331,1,1,Condição,USADO,1,1,Cidade,brasilia,1,1,Estado,distrito federal,1,1,,,,,,,,,,
1156,simple,RM-7960550,,Volkswagen Tiguan Allspace Rl 2021,1,0,visible,gasolina | 93000 km | preto | automatico,,,,taxable,,1,1,,0,1,,,,,1,,,162500,Carro,"Abs, Airbag, Alarme, Apoio De Braco, Ar Quente, Ar-Condicionado, Bancos De Couro, Cambio Automatico, Camera De Re, Chave Presencial, Computador De Bordo, Console Central, Desembacador Traseiro, Direcao Eletrica, Encosto De Cabeca Traseiro, Isofix, Kit Multimidia, Limpador Traseiro, Painel Digital, Porta Copos, Retrovisor Eletrico, Rodas De Liga Leve, Teto Solar, Touch Screen, Trava Eletrica, Vidros Eletricos, Volante Com Multifuncao, Volante Com Regulagem De Altura E Profundidade",,"https://rodovia-veiculos-wordpress.75516c.easypanel.host/wp-content/uploads/2026/05/7960550_10_O_8de526bcff-9.jpg, https://rodovia-veiculos-wordpress.75516c.easypanel.host/wp-content/uploads/2026/05/7960550_1_O_18bcb44844-9.jpeg, https://rodovia-veiculos-wordpress.75516c.easypanel.host/wp-content/uploads/2026/05/7960550_2_O_03c145a170-9.jpeg, https://rodovia-veiculos-wordpress.75516c.easypanel.host/wp-content/uploads/2026/05/7960550_3_O_b6f5656065-9.jpeg, https://rodovia-veiculos-wordpress.75516c.easypanel.host/wp-content/uploads/2026/05/7960550_4_O_7c3f66bcc5-9.jpeg, https://rodovia-veiculos-wordpress.75516c.easypanel.host/wp-content/uploads/2026/05/7960550_5_O_8581bfabd6-9.jpeg, https://rodovia-veiculos-wordpress.75516c.easypanel.host/wp-content/uploads/2026/05/7960550_6_O_cdb07b11a1-9.jpeg, https://rodovia-veiculos-wordpress.75516c.easypanel.host/wp-content/uploads/2026/05/7960550_7_O_d3f5e54e03-9.jpeg, https://rodovia-veiculos-wordpress.75516c.easypanel.host/wp-content/uploads/2026/05/7960550_8_O_11fbef7ca6-9.jpeg, https://rodovia-veiculos-wordpress.75516c.easypanel.host/wp-content/uploads/2026/05/7960550_9_O_19223a062d-9.jpeg",,,,,,,,,0,,Tiguan Allspace Rl,Preto,Allspace Rl,2021,93000,Automatico,Gasolina,1,Abs | Airbag | Alarme | Apoio De Braco | Ar-Condicionado | Ar Quente | Bancos De Couro | Cambio Automatico | Desembacador Traseiro | Direcao Eletrica | Limpador Traseiro | Retrovisor Eletrico | Rodas De Liga Leve | Teto Solar | Trava Eletrica | Vidros Eletricos | Camera De Re | Chave Presencial | Computador De Bordo | Console Central | Encosto De Cabeca Traseiro | Isofix | Kit Multimidia | Painel Digital | Porta Copos | Touch Screen | Volante Com Multifuncao | Volante Com Regulagem De Altura E Profundidade,7960550,volkswagen,2021,5,ren1c05,2.0,3vvj465n2mm118877,USADO,brasilia,distrito federal,"[""https://s3.carro57.com.br/FC/2583/7960550_10_O_8de526bcff.png"",""https://s3.carro57.com.br/FC/2583/7960550_1_O_18bcb44844.jpeg"",""https://s3.carro57.com.br/FC/2583/7960550_2_O_03c145a170.jpeg"",""https://s3.carro57.com.br/FC/2583/7960550_3_O_b6f5656065.jpeg"",""https://s3.carro57.com.br/FC/2583/7960550_4_O_7c3f66bcc5.jpeg"",""https://s3.carro57.com.br/FC/2583/7960550_5_O_8581bfabd6.jpeg"",""https://s3.carro57.com.br/FC/2583/7960550_6_O_cdb07b11a1.jpeg"",""https://s3.carro57.com.br/FC/2583/7960550_7_O_d3f5e54e03.jpeg"",""https://s3.carro57.com.br/FC/2583/7960550_8_O_11fbef7ca6.jpeg"",""https://s3.carro57.com.br/FC/2583/7960550_9_O_19223a062d.jpeg""]",60d5e5c9,Modelo,Tiguan Allspace Rl,1,1,Cor,Preto,1,1,Versão,Allspace Rl,1,1,Ano do modelo,2021,1,1,Quilometragem,93000,1,1,Transmissão,Automatico,1,1,Combustivel,Gasolina,1,1,Marca,volkswagen,1,1,Ano de Fabricação,2021,1,1,Portas,5,1,1,Motor,2.0,1,1,Chassi,3vvj465n2mm118877,1,1,Condição,USADO,1,1,Cidade,brasilia,1,1,Estado,distrito federal,1,1,,,,,,,,,,
1157,simple,RM-8039325,,Ford Ka Se Plus At1.5sdc 2021,1,0,visible,flex | 80864 km | prata | automatico,,,,taxable,,1,1,,0,1,,,,,1,,,62900,Carro,"Airbag, Alarme, Ar Quente, Ar-Condicionado, Chave Copiareserva, Computador De Bordo, Console Central, Desembacador Traseiro, Direcao Eletrica, Encosto De Cabeca Traseiro, Ipva Pago E Licenciado, Isofix, Manual Do Proprietario, Porta Copos, Retrovisor Eletrico, Rodas De Liga Leve, Som Multimidia, Touch Screen, Trava Eletrica, Trio Eletrico, Usb, Vidros Eletricos, Volante Com Multifuncao",,"https://rodovia-veiculos-wordpress.75516c.easypanel.host/wp-content/uploads/2026/05/8039325_10_O_3c7c46cc50-9.jpeg, https://rodovia-veiculos-wordpress.75516c.easypanel.host/wp-content/uploads/2026/05/8039325_1_O_6d2624fcfc-9.jpeg, https://rodovia-veiculos-wordpress.75516c.easypanel.host/wp-content/uploads/2026/05/8039325_2_O_888afd86ec-9.jpeg, https://rodovia-veiculos-wordpress.75516c.easypanel.host/wp-content/uploads/2026/05/8039325_3_O_0da3967441-9.jpeg, https://rodovia-veiculos-wordpress.75516c.easypanel.host/wp-content/uploads/2026/05/8039325_4_O_8cccd4862d-9.jpeg, https://rodovia-veiculos-wordpress.75516c.easypanel.host/wp-content/uploads/2026/05/8039325_5_O_c81e296f52-9.jpeg, https://rodovia-veiculos-wordpress.75516c.easypanel.host/wp-content/uploads/2026/05/8039325_6_O_d6dfe7956f-9.jpeg, https://rodovia-veiculos-wordpress.75516c.easypanel.host/wp-content/uploads/2026/05/8039325_7_O_30c664d173-9.jpeg, https://rodovia-veiculos-wordpress.75516c.easypanel.host/wp-content/uploads/2026/05/8039325_8_O_4301ffb22a-9.jpeg, https://rodovia-veiculos-wordpress.75516c.easypanel.host/wp-content/uploads/2026/05/8039325_9_O_e5fc61155e-9.jpeg",,,,,,,,,0,,Ka Se Plus At1.5sdc,Prata,Se Plus At1.5sdc,2021,80864,Automatico,Flex,1,Airbag | Alarme | Ar-Condicionado | Ar Quente | Desembacador Traseiro | Direcao Eletrica | Retrovisor Eletrico | Rodas De Liga Leve | Som Multimidia | Trava Eletrica | Vidros Eletricos | Chave Copiareserva | Computador De Bordo | Console Central | Encosto De Cabeca Traseiro | Ipva Pago E Licenciado | Isofix | Manual Do Proprietario | Porta Copos | Touch Screen | Trio Eletrico | Usb | Volante Com Multifuncao,8039325,ford,2020,5,gha6b59,1.5,9bfzh54s0m8065145,USADO,brasilia,distrito federal,"[""https://s3.carro57.com.br/FC/2583/8039325_10_O_3c7c46cc50.jpeg"",""https://s3.carro57.com.br/FC/2583/8039325_1_O_6d2624fcfc.jpeg"",""https://s3.carro57.com.br/FC/2583/8039325_2_O_888afd86ec.jpeg"",""https://s3.carro57.com.br/FC/2583/8039325_3_O_0da3967441.jpeg"",""https://s3.carro57.com.br/FC/2583/8039325_4_O_8cccd4862d.jpeg"",""https://s3.carro57.com.br/FC/2583/8039325_5_O_c81e296f52.jpeg"",""https://s3.carro57.com.br/FC/2583/8039325_6_O_d6dfe7956f.jpeg"",""https://s3.carro57.com.br/FC/2583/8039325_7_O_30c664d173.jpeg"",""https://s3.carro57.com.br/FC/2583/8039325_8_O_4301ffb22a.jpeg"",""https://s3.carro57.com.br/FC/2583/8039325_9_O_e5fc61155e.jpeg""]",4b752e49,Modelo,Ka Se Plus At1.5sdc,1,1,Cor,Prata,1,1,Versão,Se Plus At1.5sdc,1,1,Ano do modelo,2021,1,1,Quilometragem,80864,1,1,Transmissão,Automatico,1,1,Combustivel,Flex,1,1,Marca,ford,1,1,Ano de Fabricação,2020,1,1,Portas,5,1,1,Motor,1.5,1,1,Chassi,9bfzh54s0m8065145,1,1,Condição,USADO,1,1,Cidade,brasilia,1,1,Estado,distrito federal,1,1,,,,,,,,,,
1158,simple,RM-7789735,,Nissan Kicks Sv Cvt 2020,1,0,visible,flex | 90324 km | branco | automatico,,,,taxable,,1,1,,0,1,,,,,1,,,81900,"Carro, Suv","Airbag, Alarme, Apoio De Braco, Ar Quente, Ar-Condicionado, Cambio Automatico, Camera De Re, Chave Copiareserva, Computador De Bordo, Desembacador Traseiro, Direcao Eletrica, Encosto De Cabeca Traseiro, Ipva Pago E Licenciado, Limpador Traseiro, Manual Do Proprietario, Porta Copos, Retrovisor Eletrico, Rodas De Liga Leve, Trava Eletrica, Vidros Eletricos, Volante Com Multifuncao",,"https://rodovia-veiculos-wordpress.75516c.easypanel.host/wp-content/uploads/2026/05/7789735_10_O_5ddb22a1b1-9.jpg, https://rodovia-veiculos-wordpress.75516c.easypanel.host/wp-content/uploads/2026/05/7789735_1_O_dada9dd4a1-9.jpeg, https://rodovia-veiculos-wordpress.75516c.easypanel.host/wp-content/uploads/2026/05/7789735_2_O_f45c34dbc7-9.jpeg, https://rodovia-veiculos-wordpress.75516c.easypanel.host/wp-content/uploads/2026/05/7789735_3_O_b31c28dad3-9.jpeg, https://rodovia-veiculos-wordpress.75516c.easypanel.host/wp-content/uploads/2026/05/7789735_4_O_fd06e9695f-9.jpeg, https://rodovia-veiculos-wordpress.75516c.easypanel.host/wp-content/uploads/2026/05/7789735_5_O_28842af0da-9.jpeg, https://rodovia-veiculos-wordpress.75516c.easypanel.host/wp-content/uploads/2026/05/7789735_6_O_c21720ab98-9.jpeg, https://rodovia-veiculos-wordpress.75516c.easypanel.host/wp-content/uploads/2026/05/7789735_7_O_c1cc8c753f-9.jpeg, https://rodovia-veiculos-wordpress.75516c.easypanel.host/wp-content/uploads/2026/05/7789735_8_O_ecc686c89e-9.jpeg, https://rodovia-veiculos-wordpress.75516c.easypanel.host/wp-content/uploads/2026/05/7789735_9_O_cae4d0342e-9.jpeg",,,,,,,,,0,,Kicks Sv Cvt,Branco,Sv Cvt,2020,90324,Automatico,Flex,1,Airbag | Alarme | Apoio De Braco | Ar-Condicionado | Ar Quente | Cambio Automatico | Desembacador Traseiro | Direcao Eletrica | Limpador Traseiro | Retrovisor Eletrico | Rodas De Liga Leve | Trava Eletrica | Vidros Eletricos | Camera De Re | Chave Copiareserva | Computador De Bordo | Encosto De Cabeca Traseiro | Ipva Pago E Licenciado | Manual Do Proprietario | Porta Copos | Volante Com Multifuncao,7789735,nissan,2019,5,pbx1f84,1.6,94dfcap15lb220722,USADO,brasilia,distrito federal,"[""https://s3.carro57.com.br/FC/2583/7789735_10_O_5ddb22a1b1.png"",""https://s3.carro57.com.br/FC/2583/7789735_1_O_dada9dd4a1.jpeg"",""https://s3.carro57.com.br/FC/2583/7789735_2_O_f45c34dbc7.jpeg"",""https://s3.carro57.com.br/FC/2583/7789735_3_O_b31c28dad3.jpeg"",""https://s3.carro57.com.br/FC/2583/7789735_4_O_fd06e9695f.jpeg"",""https://s3.carro57.com.br/FC/2583/7789735_5_O_28842af0da.jpeg"",""https://s3.carro57.com.br/FC/2583/7789735_6_O_c21720ab98.jpeg"",""https://s3.carro57.com.br/FC/2583/7789735_7_O_c1cc8c753f.jpeg"",""https://s3.carro57.com.br/FC/2583/7789735_8_O_ecc686c89e.jpeg"",""https://s3.carro57.com.br/FC/2583/7789735_9_O_cae4d0342e.jpeg""]",b7913cfc,Modelo,Kicks Sv Cvt,1,1,Cor,Branco,1,1,Versão,Sv Cvt,1,1,Ano do modelo,2020,1,1,Quilometragem,90324,1,1,Transmissão,Automatico,1,1,Combustivel,Flex,1,1,Marca,nissan,1,1,Ano de Fabricação,2019,1,1,Portas,5,1,1,Motor,1.6,1,1,Chassi,94dfcap15lb220722,1,1,Condição,USADO,1,1,Cidade,brasilia,1,1,Estado,distrito federal,1,1,,,,,,,,,,
1159,simple,RM-7857090,,Toyota Corolla Xei 2.0 Flex 2019,1,0,visible,flex | 90817 km | preto | automatico,,,,taxable,,1,1,,0,1,,,,,1,,,102900,"Carro, Sedan","Airbag, Alarme, Apoio De Braco, Ar Quente, Ar-Condicionado, Bancos De Couro, Cambio Automatico, Chave Copiareserva, Computador De Bordo, Console Central, Desembacador Traseiro, Direcao Eletrica, Encosto De Cabeca Traseiro, Ipva Pago E Licenciado, Manual Do Proprietario, Porta Copos, Retrovisor Eletrico, Rodas De Liga Leve, Trava Eletrica, Vidros Eletricos, Volante Com Multifuncao",,"https://rodovia-veiculos-wordpress.75516c.easypanel.host/wp-content/uploads/2026/05/7857090_10_O_4af18ea5ef-9.jpg, https://rodovia-veiculos-wordpress.75516c.easypanel.host/wp-content/uploads/2026/05/7857090_1_O_593f9314cd-9.jpeg, https://rodovia-veiculos-wordpress.75516c.easypanel.host/wp-content/uploads/2026/05/7857090_2_O_97202be4fc-9.jpeg, https://rodovia-veiculos-wordpress.75516c.easypanel.host/wp-content/uploads/2026/05/7857090_3_O_0053a8771a-9.jpeg, https://rodovia-veiculos-wordpress.75516c.easypanel.host/wp-content/uploads/2026/05/7857090_4_O_bcb0ec2434-9.jpeg, https://rodovia-veiculos-wordpress.75516c.easypanel.host/wp-content/uploads/2026/05/7857090_5_O_5a2f56be1a-9.jpeg, https://rodovia-veiculos-wordpress.75516c.easypanel.host/wp-content/uploads/2026/05/7857090_6_O_30a0726653-9.jpeg, https://rodovia-veiculos-wordpress.75516c.easypanel.host/wp-content/uploads/2026/05/7857090_7_O_0a6d61e738-9.jpeg, https://rodovia-veiculos-wordpress.75516c.easypanel.host/wp-content/uploads/2026/05/7857090_8_O_2f000e1229-9.jpeg, https://rodovia-veiculos-wordpress.75516c.easypanel.host/wp-content/uploads/2026/05/7857090_9_O_3c894b4739-9.jpeg",,,,,,,,,0,,Corolla Xei 2.0 Flex 16v Aut.,Preto,Xei 2.0 Flex,2019,90817,Automatico,Flex,1,Airbag | Alarme | Apoio De Braco | Ar-Condicionado | Ar Quente | Bancos De Couro | Cambio Automatico | Desembacador Traseiro | Direcao Eletrica | Retrovisor Eletrico | Rodas De Liga Leve | Trava Eletrica | Vidros Eletricos | Chave Copiareserva | Computador De Bordo | Console Central | Encosto De Cabeca Traseiro | Ipva Pago E Licenciado | Manual Do Proprietario | Porta Copos | Volante Com Multifuncao,7857090,toyota,2019,5,pbt9300,2.0,9brbd3he2k0439808,USADO,brasilia,distrito federal,"[""https://s3.carro57.com.br/FC/2583/7857090_10_O_4af18ea5ef.png"",""https://s3.carro57.com.br/FC/2583/7857090_1_O_593f9314cd.jpeg"",""https://s3.carro57.com.br/FC/2583/7857090_2_O_97202be4fc.jpeg"",""https://s3.carro57.com.br/FC/2583/7857090_3_O_0053a8771a.jpeg"",""https://s3.carro57.com.br/FC/2583/7857090_4_O_bcb0ec2434.jpeg"",""https://s3.carro57.com.br/FC/2583/7857090_5_O_5a2f56be1a.jpeg"",""https://s3.carro57.com.br/FC/2583/7857090_6_O_30a0726653.jpeg"",""https://s3.carro57.com.br/FC/2583/7857090_7_O_0a6d61e738.jpeg"",""https://s3.carro57.com.br/FC/2583/7857090_8_O_2f000e1229.jpeg"",""https://s3.carro57.com.br/FC/2583/7857090_9_O_3c894b4739.jpeg""]",9abb7c7e,Modelo,Corolla Xei 2.0 Flex 16v Aut.,1,1,Cor,Preto,1,1,Versão,Xei 2.0 Flex,1,1,Ano do modelo,2019,1,1,Quilometragem,90817,1,1,Transmissão,Automatico,1,1,Combustivel,Flex,1,1,Marca,toyota,1,1,Ano de Fabricação,2019,1,1,Portas,5,1,1,Motor,2.0,1,1,Chassi,9brbd3he2k0439808,1,1,Condição,USADO,1,1,Cidade,brasilia,1,1,Estado,distrito federal,1,1,,,,,,,,,,
1160,simple,RM-7581621,,Chevrolet Prisma 1.4at Lt 2019,1,0,visible,flex | 149547 km | vermelho | automatico,,,,taxable,,1,1,,0,1,,,,,1,,,63900,"Carro, Sedan","Airbag, Alarme, Ar Quente, Ar-Condicionado, Cambio Automatico, Camera De Re, Chave Copiareserva, Console Central, Desembacador Traseiro, Direcao Eletrica, Encosto De Cabeca Traseiro, Ipva Pago E Licenciado, Manual Do Proprietario, Porta Copos, Retrovisor Eletrico, Rodas De Liga Leve, Som Multimidia, Touch Screen, Trava Eletrica, Vidros Eletricos Dianteiros",,"https://rodovia-veiculos-wordpress.75516c.easypanel.host/wp-content/uploads/2026/05/7581621_10_O_aa1d71d4a3-9.jpg, https://rodovia-veiculos-wordpress.75516c.easypanel.host/wp-content/uploads/2026/05/7581621_1_O_f330a22c43-9.jpeg, https://rodovia-veiculos-wordpress.75516c.easypanel.host/wp-content/uploads/2026/05/7581621_2_O_e4d7a7347f-9.jpeg, https://rodovia-veiculos-wordpress.75516c.easypanel.host/wp-content/uploads/2026/05/7581621_3_O_83dc080446-9.jpeg, https://rodovia-veiculos-wordpress.75516c.easypanel.host/wp-content/uploads/2026/05/7581621_4_O_c9868e3665-9.jpeg, https://rodovia-veiculos-wordpress.75516c.easypanel.host/wp-content/uploads/2026/05/7581621_5_O_1248decc71-9.jpeg, https://rodovia-veiculos-wordpress.75516c.easypanel.host/wp-content/uploads/2026/05/7581621_6_O_35d7a1bcf6-9.jpeg, https://rodovia-veiculos-wordpress.75516c.easypanel.host/wp-content/uploads/2026/05/7581621_7_O_466c606e0a-9.jpeg, https://rodovia-veiculos-wordpress.75516c.easypanel.host/wp-content/uploads/2026/05/7581621_8_O_bd682777a0-9.jpeg, https://rodovia-veiculos-wordpress.75516c.easypanel.host/wp-content/uploads/2026/05/7581621_9_O_9cdf3bbd47-9.jpeg",,,,,,,,,0,,Prisma 1.4at Lt,Vermelho,1.4at Lt,2019,149547,Automatico,Flex,1,Airbag | Alarme | Ar-Condicionado | Ar Quente | Cambio Automatico | Desembacador Traseiro | Direcao Eletrica | Retrovisor Eletrico | Rodas De Liga Leve | Som Multimidia | Trava Eletrica | Camera De Re | Chave Copiareserva | Console Central | Encosto De Cabeca Traseiro | Ipva Pago E Licenciado | Manual Do Proprietario | Porta Copos | Touch Screen | Vidros Eletricos Dianteiros,7581621,chevrolet,2019,5,pbu4807,1.4,9bgks69v0kg423393,USADO,brasilia,distrito federal,"[""https://s3.carro57.com.br/FC/2583/7581621_10_O_aa1d71d4a3.png"",""https://s3.carro57.com.br/FC/2583/7581621_1_O_f330a22c43.jpeg"",""https://s3.carro57.com.br/FC/2583/7581621_2_O_e4d7a7347f.jpeg"",""https://s3.carro57.com.br/FC/2583/7581621_3_O_83dc080446.jpeg"",""https://s3.carro57.com.br/FC/2583/7581621_4_O_c9868e3665.jpeg"",""https://s3.carro57.com.br/FC/2583/7581621_5_O_1248decc71.jpeg"",""https://s3.carro57.com.br/FC/2583/7581621_6_O_35d7a1bcf6.jpeg"",""https://s3.carro57.com.br/FC/2583/7581621_7_O_466c606e0a.jpeg"",""https://s3.carro57.com.br/FC/2583/7581621_8_O_bd682777a0.jpeg"",""https://s3.carro57.com.br/FC/2583/7581621_9_O_9cdf3bbd47.jpeg""]",18348436,Modelo,Prisma 1.4at Lt,1,1,Cor,Vermelho,1,1,Versão,1.4at Lt,1,1,Ano do modelo,2019,1,1,Quilometragem,149547,1,1,Transmissão,Automatico,1,1,Combustivel,Flex,1,1,Marca,chevrolet,1,1,Ano de Fabricação,2019,1,1,Portas,5,1,1,Motor,1.4,1,1,Chassi,9bgks69v0kg423393,1,1,Condição,USADO,1,1,Cidade,brasilia,1,1,Estado,distrito federal,1,1,,,,,,,,,,
1161,simple,RM-8049468,,Volkswagen Gol 1.0l Mc4 2021,1,0,visible,flex | 93940 km | branco | manual,,,,taxable,,1,1,,0,1,,,,,1,,,50900,"Carro, Hatch","Abs, Airbag, Airbag Duplo, Ar-Condicionado, Cambio Manual, Chave Copiareserva, Desembacador Traseiro, Direcao Hidraulica, Encosto De Cabeca Traseiro, Ipva Pago E Licenciado, Limpador Traseiro, Porta Copos, Trava Eletrica, Vidros Eletricos Dianteiros",,"https://rodovia-veiculos-wordpress.75516c.easypanel.host/wp-content/uploads/2026/05/8049468_0_O_4f9782c4c4-9.jpg, https://rodovia-veiculos-wordpress.75516c.easypanel.host/wp-content/uploads/2026/05/8049468_1_O_00cb400ed7-9.jpeg, https://rodovia-veiculos-wordpress.75516c.easypanel.host/wp-content/uploads/2026/05/8049468_2_O_e2d56f48c5-9.jpeg, https://rodovia-veiculos-wordpress.75516c.easypanel.host/wp-content/uploads/2026/05/8049468_3_O_6460bc1a3e-9.jpeg, https://rodovia-veiculos-wordpress.75516c.easypanel.host/wp-content/uploads/2026/05/8049468_4_O_bb4f8fbe7f-9.jpeg, https://rodovia-veiculos-wordpress.75516c.easypanel.host/wp-content/uploads/2026/05/8049468_5_O_0088f3ea07-9.jpeg, https://rodovia-veiculos-wordpress.75516c.easypanel.host/wp-content/uploads/2026/05/8049468_6_O_edd5d22414-9.jpeg, https://rodovia-veiculos-wordpress.75516c.easypanel.host/wp-content/uploads/2026/05/8049468_7_O_2a6dcc0db7-9.jpeg, https://rodovia-veiculos-wordpress.75516c.easypanel.host/wp-content/uploads/2026/05/8049468_8_O_03df1e087a-9.jpeg, https://rodovia-veiculos-wordpress.75516c.easypanel.host/wp-content/uploads/2026/05/8049468_9_O_b9d87b033e-9.jpeg",,,,,,,,,0,,Gol 1.0l Mc4,Branco,1.0l Mc4,2021,93940,Manual,Flex,1,Abs | Airbag | Ar-Condicionado | Cambio Manual | Desembacador Traseiro | Direcao Hidraulica | Limpador Traseiro | Trava Eletrica | Airbag Duplo | Chave Copiareserva | Encosto De Cabeca Traseiro | Ipva Pago E Licenciado | Porta Copos | Vidros Eletricos Dianteiros,8049468,volkswagen,2020,5,red9c33,1.0,9bwag45uxmt004781,USADO,brasilia,distrito federal,"[""https://s3.carro57.com.br/FC/2583/8049468_0_O_4f9782c4c4.png"",""https://s3.carro57.com.br/FC/2583/8049468_1_O_00cb400ed7.jpeg"",""https://s3.carro57.com.br/FC/2583/8049468_2_O_e2d56f48c5.jpeg"",""https://s3.carro57.com.br/FC/2583/8049468_3_O_6460bc1a3e.jpeg"",""https://s3.carro57.com.br/FC/2583/8049468_4_O_bb4f8fbe7f.jpeg"",""https://s3.carro57.com.br/FC/2583/8049468_5_O_0088f3ea07.jpeg"",""https://s3.carro57.com.br/FC/2583/8049468_6_O_edd5d22414.jpeg"",""https://s3.carro57.com.br/FC/2583/8049468_7_O_2a6dcc0db7.jpeg"",""https://s3.carro57.com.br/FC/2583/8049468_8_O_03df1e087a.jpeg"",""https://s3.carro57.com.br/FC/2583/8049468_9_O_b9d87b033e.jpeg""]",655b29ea,Modelo,Gol 1.0l Mc4,1,1,Cor,Branco,1,1,Versão,1.0l Mc4,1,1,Ano do modelo,2021,1,1,Quilometragem,93940,1,1,Transmissão,Manual,1,1,Combustivel,Flex,1,1,Marca,volkswagen,1,1,Ano de Fabricação,2020,1,1,Portas,5,1,1,Motor,1.0,1,1,Chassi,9bwag45uxmt004781,1,1,Condição,USADO,1,1,Cidade,brasilia,1,1,Estado,distrito federal,1,1,,,,,,,,,,
1162,simple,RM-8017383,,Honda Wr-V Ex Cvt 2019,1,0,visible,flex | 99035 km | preto | automatico,,,,taxable,,1,1,,0,1,,,,,1,,,82900,Carro,"Abs, Airbag, Alarme, Apoio De Braco, Ar Quente, Ar-Condicionado, Camera De Re, Chave Copiareserva, Computador De Bordo, Desembacador Traseiro, Direcao Eletrica, Encosto De Cabeca Traseiro, Ipva Pago E Licenciado, Isofix, Limpador Traseiro, Manual Do Proprietario, Porta Copos, Retrovisor Eletrico, Rodas De Liga Leve, Som Multimidia, Touch Screen, Trava Eletrica, Trio Eletrico, Usb, Vidros Eletricos, Volante Com Multifuncao, Volante Com Regulagem De Altura E Profundidade",,"https://rodovia-veiculos-wordpress.75516c.easypanel.host/wp-content/uploads/2026/05/8017383_10_O_73b7df37ae-9.jpg, https://rodovia-veiculos-wordpress.75516c.easypanel.host/wp-content/uploads/2026/05/8017383_2_O_7d778eb609-9.jpeg, https://rodovia-veiculos-wordpress.75516c.easypanel.host/wp-content/uploads/2026/05/8017383_3_O_9e490d738d-9.jpeg, https://rodovia-veiculos-wordpress.75516c.easypanel.host/wp-content/uploads/2026/05/8017383_4_O_bd941f6068-9.jpeg, https://rodovia-veiculos-wordpress.75516c.easypanel.host/wp-content/uploads/2026/05/8017383_5_O_ac92897530-9.jpeg, https://rodovia-veiculos-wordpress.75516c.easypanel.host/wp-content/uploads/2026/05/8017383_6_O_71678cba7e-9.jpeg, https://rodovia-veiculos-wordpress.75516c.easypanel.host/wp-content/uploads/2026/05/8017383_7_O_a05c89614c-9.jpeg, https://rodovia-veiculos-wordpress.75516c.easypanel.host/wp-content/uploads/2026/05/8017383_8_O_d7d01fef68-9.jpeg, https://rodovia-veiculos-wordpress.75516c.easypanel.host/wp-content/uploads/2026/05/8017383_9_O_a3c6daeada-9.jpeg, https://rodovia-veiculos-wordpress.75516c.easypanel.host/wp-content/uploads/2026/05/8017383_10_O_3e6770ea9a-9.jpeg",,,,,,,,,0,,Wr-V Ex Cvt,Preto,Wr-V Ex Cvt,2019,99035,Automatico,Flex,1,Abs | Airbag | Alarme | Apoio De Braco | Ar-Condicionado | Ar Quente | Desembacador Traseiro | Direcao Eletrica | Limpador Traseiro | Retrovisor Eletrico | Rodas De Liga Leve | Som Multimidia | Trava Eletrica | Vidros Eletricos | Camera De Re | Chave Copiareserva | Computador De Bordo | Encosto De Cabeca Traseiro | Ipva Pago E Licenciado | Isofix | Manual Do Proprietario | Porta Copos | Touch Screen | Trio Eletrico | Usb | Volante Com Multifuncao | Volante Com Regulagem De Altura E Profundidade,8017383,honda,2019,5,pbw0883,1.5,93hgh8840kz106213,USADO,brasilia,distrito federal,"[""https://s3.carro57.com.br/FC/2583/8017383_10_O_73b7df37ae.png"",""https://s3.carro57.com.br/FC/2583/8017383_2_O_7d778eb609.jpeg"",""https://s3.carro57.com.br/FC/2583/8017383_3_O_9e490d738d.jpeg"",""https://s3.carro57.com.br/FC/2583/8017383_4_O_bd941f6068.jpeg"",""https://s3.carro57.com.br/FC/2583/8017383_5_O_ac92897530.jpeg"",""https://s3.carro57.com.br/FC/2583/8017383_6_O_71678cba7e.jpeg"",""https://s3.carro57.com.br/FC/2583/8017383_7_O_a05c89614c.jpeg"",""https://s3.carro57.com.br/FC/2583/8017383_8_O_d7d01fef68.jpeg"",""https://s3.carro57.com.br/FC/2583/8017383_9_O_a3c6daeada.jpeg"",""https://s3.carro57.com.br/FC/2583/8017383_10_O_3e6770ea9a.jpeg""]",c5aa7e77,Modelo,Wr-V Ex Cvt,1,1,Cor,Preto,1,1,Versão,Wr-V Ex Cvt,1,1,Ano do modelo,2019,1,1,Quilometragem,99035,1,1,Transmissão,Automatico,1,1,Combustivel,Flex,1,1,Marca,honda,1,1,Ano de Fabricação,2019,1,1,Portas,5,1,1,Motor,1.5,1,1,Chassi,93hgh8840kz106213,1,1,Condição,USADO,1,1,Cidade,brasilia,1,1,Estado,distrito federal,1,1,,,,,,,,,,
1163,simple,RM-7891367,,Volkswagen Up Mpi Mc 2020,1,0,visible,flex | 99830 km | branco | manual,,,,taxable,,1,1,,0,1,,,,,1,,,57900,Carro,"Alarme, Ar Quente, Ar-Condicionado, Cambio Manual, Chave Copiareserva, Computador De Bordo, Desembacador Traseiro, Encosto De Cabeca Traseiro, Ipva Pago E Licenciado, Isofix, Limpador Traseiro, Manual Do Proprietario, Porta Copos, Radio Bluetooth, Som, Trava Eletrica, Trio Eletrico, Usb, Volante Com Multifuncao",,"https://rodovia-veiculos-wordpress.75516c.easypanel.host/wp-content/uploads/2026/05/7891367_10_O_366c9a12bf-9.jpg, https://rodovia-veiculos-wordpress.75516c.easypanel.host/wp-content/uploads/2026/05/7891367_1_O_c1534cdb3f-9.jpeg, https://rodovia-veiculos-wordpress.75516c.easypanel.host/wp-content/uploads/2026/05/7891367_2_O_456cc644f7-9.jpeg, https://rodovia-veiculos-wordpress.75516c.easypanel.host/wp-content/uploads/2026/05/7891367_3_O_d494a05223-9.jpeg, https://rodovia-veiculos-wordpress.75516c.easypanel.host/wp-content/uploads/2026/05/7891367_4_O_8cfe2b54b8-9.jpeg, https://rodovia-veiculos-wordpress.75516c.easypanel.host/wp-content/uploads/2026/05/7891367_5_O_6bd1e7a9fa-9.jpeg, https://rodovia-veiculos-wordpress.75516c.easypanel.host/wp-content/uploads/2026/05/7891367_6_O_82c776266a-9.jpeg, https://rodovia-veiculos-wordpress.75516c.easypanel.host/wp-content/uploads/2026/05/7891367_7_O_152ecb837a-9.jpeg, https://rodovia-veiculos-wordpress.75516c.easypanel.host/wp-content/uploads/2026/05/7891367_8_O_43b12f3e33-9.jpeg, https://rodovia-veiculos-wordpress.75516c.easypanel.host/wp-content/uploads/2026/05/7891367_9_O_427cf8a40e-9.jpeg",,,,,,,,,0,,Up Mpi Mc,Branco,Mpi Mc,2020,99830,Manual,Flex,1,Alarme | Ar-Condicionado | Ar Quente | Cambio Manual | Desembacador Traseiro | Limpador Traseiro | Trava Eletrica | Chave Copiareserva | Computador De Bordo | Encosto De Cabeca Traseiro | Ipva Pago E Licenciado | Isofix | Manual Do Proprietario | Porta Copos | Radio Bluetooth | Som | Trio Eletrico | Usb | Volante Com Multifuncao,7891367,volkswagen,2019,5,pbx6c50,1.0,9bwag4120lt504449,USADO,brasilia,distrito federal,"[""https://s3.carro57.com.br/FC/2583/7891367_10_O_366c9a12bf.png"",""https://s3.carro57.com.br/FC/2583/7891367_1_O_c1534cdb3f.jpeg"",""https://s3.carro57.com.br/FC/2583/7891367_2_O_456cc644f7.jpeg"",""https://s3.carro57.com.br/FC/2583/7891367_3_O_d494a05223.jpeg"",""https://s3.carro57.com.br/FC/2583/7891367_4_O_8cfe2b54b8.jpeg"",""https://s3.carro57.com.br/FC/2583/7891367_5_O_6bd1e7a9fa.jpeg"",""https://s3.carro57.com.br/FC/2583/7891367_6_O_82c776266a.jpeg"",""https://s3.carro57.com.br/FC/2583/7891367_7_O_152ecb837a.jpeg"",""https://s3.carro57.com.br/FC/2583/7891367_8_O_43b12f3e33.jpeg"",""https://s3.carro57.com.br/FC/2583/7891367_9_O_427cf8a40e.jpeg""]",de60b700,Modelo,Up Mpi Mc,1,1,Cor,Branco,1,1,Versão,Mpi Mc,1,1,Ano do modelo,2020,1,1,Quilometragem,99830,1,1,Transmissão,Manual,1,1,Combustivel,Flex,1,1,Marca,volkswagen,1,1,Ano de Fabricação,2019,1,1,Portas,5,1,1,Motor,1.0,1,1,Chassi,9bwag4120lt504449,1,1,Condição,USADO,1,1,Cidade,brasilia,1,1,Estado,distrito federal,1,1,,,,,,,,,,
1164,simple,RM-7887516,,Honda Fit Lx Cvt 2017,1,0,visible,flex | 93884 km | branco | automatico,,,,taxable,,1,1,,0,1,,,,,1,,,69900,Carro,"Airbag, Alarme, Ar Quente, Ar-Condicionado, Cambio Automatico, Chave Copiareserva, Desembacador Traseiro, Direcao Eletrica, Encosto De Cabeca Traseiro, Ipva Pago E Licenciado, Isofix, Limpador Traseiro, Manual Do Proprietario, Porta Copos, Retrovisor Eletrico, Rodas De Liga Leve, Som, Trava Eletrica, Trio Eletrico, Usb, Vidros Eletricos, Volante Com Multifuncao",,"https://rodovia-veiculos-wordpress.75516c.easypanel.host/wp-content/uploads/2026/05/7887516_10_O_17ee1b7f4e-9.jpg, https://rodovia-veiculos-wordpress.75516c.easypanel.host/wp-content/uploads/2026/05/7887516_1_O_08d57fab28-9.jpeg, https://rodovia-veiculos-wordpress.75516c.easypanel.host/wp-content/uploads/2026/05/7887516_2_O_94da363a53-9.jpeg, https://rodovia-veiculos-wordpress.75516c.easypanel.host/wp-content/uploads/2026/05/7887516_3_O_405184db9f-9.jpeg, https://rodovia-veiculos-wordpress.75516c.easypanel.host/wp-content/uploads/2026/05/7887516_4_O_8d5283fd56-9.jpeg, https://rodovia-veiculos-wordpress.75516c.easypanel.host/wp-content/uploads/2026/05/7887516_5_O_612bf9c8d9-9.jpeg, https://rodovia-veiculos-wordpress.75516c.easypanel.host/wp-content/uploads/2026/05/7887516_6_O_6a0447db1c-9.jpeg, https://rodovia-veiculos-wordpress.75516c.easypanel.host/wp-content/uploads/2026/05/7887516_7_O_8b16b5b5c8-9.jpeg, https://rodovia-veiculos-wordpress.75516c.easypanel.host/wp-content/uploads/2026/05/7887516_8_O_55a3012a09-9.jpeg, https://rodovia-veiculos-wordpress.75516c.easypanel.host/wp-content/uploads/2026/05/7887516_9_O_59ac4e0bff-9.jpeg",,,,,,,,,0,,Fit Lx Cvt,Branco,Lx Cvt,2017,93884,Automatico,Flex,1,Airbag | Alarme | Ar-Condicionado | Ar Quente | Cambio Automatico | Desembacador Traseiro | Direcao Eletrica | Limpador Traseiro | Retrovisor Eletrico | Rodas De Liga Leve | Trava Eletrica | Vidros Eletricos | Chave Copiareserva | Encosto De Cabeca Traseiro | Ipva Pago E Licenciado | Isofix | Manual Do Proprietario | Porta Copos | Som | Trio Eletrico | Usb | Volante Com Multifuncao,7887516,honda,2017,5,pkj5e97,1.5,93hgk5840hz215161,USADO,brasilia,distrito federal,"[""https://s3.carro57.com.br/FC/2583/7887516_10_O_17ee1b7f4e.png"",""https://s3.carro57.com.br/FC/2583/7887516_1_O_08d57fab28.jpeg"",""https://s3.carro57.com.br/FC/2583/7887516_2_O_94da363a53.jpeg"",""https://s3.carro57.com.br/FC/2583/7887516_3_O_405184db9f.jpeg"",""https://s3.carro57.com.br/FC/2583/7887516_4_O_8d5283fd56.jpeg"",""https://s3.carro57.com.br/FC/2583/7887516_5_O_612bf9c8d9.jpeg"",""https://s3.carro57.com.br/FC/2583/7887516_6_O_6a0447db1c.jpeg"",""https://s3.carro57.com.br/FC/2583/7887516_7_O_8b16b5b5c8.jpeg"",""https://s3.carro57.com.br/FC/2583/7887516_8_O_55a3012a09.jpeg"",""https://s3.carro57.com.br/FC/2583/7887516_9_O_59ac4e0bff.jpeg""]",45b13e5b,Modelo,Fit Lx Cvt,1,1,Cor,Branco,1,1,Versão,Lx Cvt,1,1,Ano do modelo,2017,1,1,Quilometragem,93884,1,1,Transmissão,Automatico,1,1,Combustivel,Flex,1,1,Marca,honda,1,1,Ano de Fabricação,2017,1,1,Portas,5,1,1,Motor,1.5,1,1,Chassi,93hgk5840hz215161,1,1,Condição,USADO,1,1,Cidade,brasilia,1,1,Estado,distrito federal,1,1,,,,,,,,,,
1165,simple,RM-8039483,,Chevrolet Chev Tracker Premier 2019,1,0,visible,flex | 98090 km | prata | automatico,,,,taxable,,1,1,,0,1,,,,,1,,,85900,Carro,"Airbag, Alarme, Apoio De Braco, Ar Quente, Ar-Condicionado, Bancos De Couro, Camera De Re, Chave Presencial, Computador De Bordo, Console Central, Desembacador Traseiro, Direcao Eletrica, Encosto De Cabeca Traseiro, Ipva Pago E Licenciado, Isofix, Limpador Traseiro, Porta Copos, Retrovisor Eletrico, Rodas De Liga Leve, Som Multimidia, Teto Solar, Touch Screen, Trava Carneiro, Trava Eletrica, Trio Eletrico, Usb, Vidros Eletricos, Volante Com Multifuncao",,"https://rodovia-veiculos-wordpress.75516c.easypanel.host/wp-content/uploads/2026/05/8039483_9_O_50463cb6d1-9.jpeg, https://rodovia-veiculos-wordpress.75516c.easypanel.host/wp-content/uploads/2026/05/8039483_1_O_bda30f6309-9.jpeg, https://rodovia-veiculos-wordpress.75516c.easypanel.host/wp-content/uploads/2026/05/8039483_2_O_d2b4ff64c2-9.jpeg, https://rodovia-veiculos-wordpress.75516c.easypanel.host/wp-content/uploads/2026/05/8039483_3_O_63fe8e4918-9.jpeg, https://rodovia-veiculos-wordpress.75516c.easypanel.host/wp-content/uploads/2026/05/8039483_4_O_671e5ca555-9.jpeg, https://rodovia-veiculos-wordpress.75516c.easypanel.host/wp-content/uploads/2026/05/8039483_5_O_892f99c02a-9.jpeg, https://rodovia-veiculos-wordpress.75516c.easypanel.host/wp-content/uploads/2026/05/8039483_6_O_7e7c4789a0-9.jpeg, https://rodovia-veiculos-wordpress.75516c.easypanel.host/wp-content/uploads/2026/05/8039483_7_O_a50787e68a-9.jpeg, https://rodovia-veiculos-wordpress.75516c.easypanel.host/wp-content/uploads/2026/05/8039483_9_O_42db996e32-9.jpeg, https://rodovia-veiculos-wordpress.75516c.easypanel.host/wp-content/uploads/2026/05/8039483_8_O_e14e25c58c-9.jpeg",,,,,,,,,0,,Chev Tracker Premier,Prata,Chev Tracker Premier,2019,98090,Automatico,Flex,1,Airbag | Alarme | Apoio De Braco | Ar-Condicionado | Ar Quente | Bancos De Couro | Desembacador Traseiro | Direcao Eletrica | Limpador Traseiro | Retrovisor Eletrico | Rodas De Liga Leve | Som Multimidia | Teto Solar | Trava Eletrica | Vidros Eletricos | Camera De Re | Chave Presencial | Computador De Bordo | Console Central | Encosto De Cabeca Traseiro | Ipva Pago E Licenciado | Isofix | Porta Copos | Touch Screen | Trava Carneiro | Trio Eletrico | Usb | Volante Com Multifuncao,8039483,chevrolet,2019,5,pbv6a09,1.4,3gncj8ez6kl378949,USADO,brasilia,distrito federal,"[""https://s3.carro57.com.br/FC/2583/8039483_9_O_50463cb6d1.jpeg"",""https://s3.carro57.com.br/FC/2583/8039483_1_O_bda30f6309.jpeg"",""https://s3.carro57.com.br/FC/2583/8039483_2_O_d2b4ff64c2.jpeg"",""https://s3.carro57.com.br/FC/2583/8039483_3_O_63fe8e4918.jpeg"",""https://s3.carro57.com.br/FC/2583/8039483_4_O_671e5ca555.jpeg"",""https://s3.carro57.com.br/FC/2583/8039483_5_O_892f99c02a.jpeg"",""https://s3.carro57.com.br/FC/2583/8039483_6_O_7e7c4789a0.jpeg"",""https://s3.carro57.com.br/FC/2583/8039483_7_O_a50787e68a.jpeg"",""https://s3.carro57.com.br/FC/2583/8039483_9_O_42db996e32.jpeg"",""https://s3.carro57.com.br/FC/2583/8039483_8_O_e14e25c58c.jpeg""]",63e44279,Modelo,Chev Tracker Premier,1,1,Cor,Prata,1,1,Versão,Chev Tracker Premier,1,1,Ano do modelo,2019,1,1,Quilometragem,98090,1,1,Transmissão,Automatico,1,1,Combustivel,Flex,1,1,Marca,chevrolet,1,1,Ano de Fabricação,2019,1,1,Portas,5,1,1,Motor,1.4,1,1,Chassi,3gncj8ez6kl378949,1,1,Condição,USADO,1,1,Cidade,brasilia,1,1,Estado,distrito federal,1,1,,,,,,,,,,
1166,simple,RM-7611049,,Chevrolet Onix 10tat Pr2 2024,1,0,visible,flex | 32864 km | cinza | automatico,,,,taxable,,1,1,,0,1,,,,,1,,,88900,"Carro, Hatch","Airbag, Alarme, Apoio De Braco, Ar Quente, Ar-Condicionado, Bancos De Couro, Cambio Automatico, Camera De Re, Carregador De Celular Por Inducao, Chave Copiareserva, Computador De Bordo, Desembacador Traseiro, Direcao Eletrica, Encosto De Cabeca Traseiro, Espelhamento De Celular, Ipva Pago E Licenciado, Kit Multimidia, Limpador Traseiro, Manual Do Proprietario, Piloto Automatico, Porta Copos, Regulagem Altura Do Banco, Retrovisor Eletrico, Rodas De Liga Leve, Touch Screen, Trava Eletrica, Trio Eletrico, Vidros Eletricos, Volante Com Multifuncao, Volante Com Regulagem De Altura E Profundidade",,"https://rodovia-veiculos-wordpress.75516c.easypanel.host/wp-content/uploads/2026/05/7611049_9_O_b96966bf26-9.jpeg, https://rodovia-veiculos-wordpress.75516c.easypanel.host/wp-content/uploads/2026/05/7611049_1_O_0f53442ede-9.jpeg, https://rodovia-veiculos-wordpress.75516c.easypanel.host/wp-content/uploads/2026/05/7611049_2_O_c884ebbb73-9.jpeg, https://rodovia-veiculos-wordpress.75516c.easypanel.host/wp-content/uploads/2026/05/7611049_3_O_6c1d1da734-9.jpeg, https://rodovia-veiculos-wordpress.75516c.easypanel.host/wp-content/uploads/2026/05/7611049_4_O_bc77de273d-9.jpeg, https://rodovia-veiculos-wordpress.75516c.easypanel.host/wp-content/uploads/2026/05/7611049_5_O_30f90949c0-9.jpeg, https://rodovia-veiculos-wordpress.75516c.easypanel.host/wp-content/uploads/2026/05/7611049_8_O_367ee078b0-9.jpeg, https://rodovia-veiculos-wordpress.75516c.easypanel.host/wp-content/uploads/2026/05/7611049_9_O_a179863ed2-9.jpeg, https://rodovia-veiculos-wordpress.75516c.easypanel.host/wp-content/uploads/2026/05/7611049_6_O_0237087483-9.jpeg, https://rodovia-veiculos-wordpress.75516c.easypanel.host/wp-content/uploads/2026/05/7611049_7_O_ff80fb6f31-9.jpeg",,,,,,,,,0,,Onix 10tat Pr2,Cinza,10tat Pr2,2024,32864,Automatico,Flex,1,Airbag | Alarme | Apoio De Braco | Ar-Condicionado | Ar Quente | Bancos De Couro | Cambio Automatico | Desembacador Traseiro | Direcao Eletrica | Limpador Traseiro | Retrovisor Eletrico | Rodas De Liga Leve | Trava Eletrica | Vidros Eletricos | Camera De Re | Carregador De Celular Por Inducao | Chave Copiareserva | Computador De Bordo | Encosto De Cabeca Traseiro | Espelhamento De Celular | Ipva Pago E Licenciado | Kit Multimidia | Manual Do Proprietario | Piloto Automatico | Porta Copos | Regulagem Altura Do Banco | Touch Screen | Trio Eletrico | Volante Com Multifuncao | Volante Com Regulagem De Altura E Profundidade,7611049,chevrolet,2023,5,sgy4c81,1.0,9bgey48h0rg205701,USADO,brasilia,distrito federal,"[""https://s3.carro57.com.br/FC/2583/7611049_9_O_b96966bf26.jpeg"",""https://s3.carro57.com.br/FC/2583/7611049_1_O_0f53442ede.jpeg"",""https://s3.carro57.com.br/FC/2583/7611049_2_O_c884ebbb73.jpeg"",""https://s3.carro57.com.br/FC/2583/7611049_3_O_6c1d1da734.jpeg"",""https://s3.carro57.com.br/FC/2583/7611049_4_O_bc77de273d.jpeg"",""https://s3.carro57.com.br/FC/2583/7611049_5_O_30f90949c0.jpeg"",""https://s3.carro57.com.br/FC/2583/7611049_8_O_367ee078b0.jpeg"",""https://s3.carro57.com.br/FC/2583/7611049_9_O_a179863ed2.jpeg"",""https://s3.carro57.com.br/FC/2583/7611049_6_O_0237087483.jpeg"",""https://s3.carro57.com.br/FC/2583/7611049_7_O_ff80fb6f31.jpeg""]",f25b231d,Modelo,Onix 10tat Pr2,1,1,Cor,Cinza,1,1,Versão,10tat Pr2,1,1,Ano do modelo,2024,1,1,Quilometragem,32864,1,1,Transmissão,Automatico,1,1,Combustivel,Flex,1,1,Marca,chevrolet,1,1,Ano de Fabricação,2023,1,1,Portas,5,1,1,Motor,1.0,1,1,Chassi,9bgey48h0rg205701,1,1,Condição,USADO,1,1,Cidade,brasilia,1,1,Estado,distrito federal,1,1,,,,,,,,,,
1167,simple,RM-7878705,,Hyundai Hb20 10ta Sport 2022,1,0,visible,flex | 76807 km | branco | automatico,,,,taxable,,1,1,,0,1,,,,,1,,,80900,Carro,"Airbag, Alarme, Apoio De Braco, Ar Quente, Ar-Condicionado, Bancos De Couro, Cambio Automatico, Camera De Re, Chave Copiareserva, Chave Presencial, Computador De Bordo, Console Central, Desembacador Traseiro, Direcao Eletrica, Encosto De Cabeca Traseiro, Ipva Pago E Licenciado, Isofix, Limpador Traseiro, Porta Copos, Retrovisor Eletrico, Rodas De Liga Leve, Som Multimidia, Touch Screen, Trava Eletrica, Trio Eletrico, Vidros Eletricos, Volante Com Multifuncao",,"https://rodovia-veiculos-wordpress.75516c.easypanel.host/wp-content/uploads/2026/05/7878705_9_O_ebd33d927d-9.jpeg, https://rodovia-veiculos-wordpress.75516c.easypanel.host/wp-content/uploads/2026/05/7878705_1_O_eb5033483d-9.jpeg, https://rodovia-veiculos-wordpress.75516c.easypanel.host/wp-content/uploads/2026/05/7878705_2_O_e729d1fd76-9.jpeg, https://rodovia-veiculos-wordpress.75516c.easypanel.host/wp-content/uploads/2026/05/7878705_3_O_10685b63e2-9.jpeg, https://rodovia-veiculos-wordpress.75516c.easypanel.host/wp-content/uploads/2026/05/7878705_4_O_196ca5e7c9-9.jpeg, https://rodovia-veiculos-wordpress.75516c.easypanel.host/wp-content/uploads/2026/05/7878705_5_O_60a890a6df-9.jpeg, https://rodovia-veiculos-wordpress.75516c.easypanel.host/wp-content/uploads/2026/05/7878705_6_O_d8ad72bcec-9.jpeg, https://rodovia-veiculos-wordpress.75516c.easypanel.host/wp-content/uploads/2026/05/7878705_7_O_0ad81071d0-9.jpeg, https://rodovia-veiculos-wordpress.75516c.easypanel.host/wp-content/uploads/2026/05/7878705_8_O_d9f1f4b9c4-9.jpeg, https://rodovia-veiculos-wordpress.75516c.easypanel.host/wp-content/uploads/2026/05/7878705_9_O_11e9327103-9.jpeg",,,,,,,,,0,,Hb20 10ta Sport,Branco,10ta Sport,2022,76807,Automatico,Flex,1,Airbag | Alarme | Apoio De Braco | Ar-Condicionado | Ar Quente | Bancos De Couro | Cambio Automatico | Desembacador Traseiro | Direcao Eletrica | Limpador Traseiro | Retrovisor Eletrico | Rodas De Liga Leve | Som Multimidia | Trava Eletrica | Vidros Eletricos | Camera De Re | Chave Copiareserva | Chave Presencial | Computador De Bordo | Console Central | Encosto De Cabeca Traseiro | Ipva Pago E Licenciado | Isofix | Porta Copos | Touch Screen | Trio Eletrico | Volante Com Multifuncao,7878705,hyundai,2021,5,req6a57,1.0,9bhcp51bbnp233807,USADO,brasilia,distrito federal,"[""https://s3.carro57.com.br/FC/2583/7878705_9_O_ebd33d927d.jpeg"",""https://s3.carro57.com.br/FC/2583/7878705_1_O_eb5033483d.jpeg"",""https://s3.carro57.com.br/FC/2583/7878705_2_O_e729d1fd76.jpeg"",""https://s3.carro57.com.br/FC/2583/7878705_3_O_10685b63e2.jpeg"",""https://s3.carro57.com.br/FC/2583/7878705_4_O_196ca5e7c9.jpeg"",""https://s3.carro57.com.br/FC/2583/7878705_5_O_60a890a6df.jpeg"",""https://s3.carro57.com.br/FC/2583/7878705_6_O_d8ad72bcec.jpeg"",""https://s3.carro57.com.br/FC/2583/7878705_7_O_0ad81071d0.jpeg"",""https://s3.carro57.com.br/FC/2583/7878705_8_O_d9f1f4b9c4.jpeg"",""https://s3.carro57.com.br/FC/2583/7878705_9_O_11e9327103.jpeg""]",a8fa2944,Modelo,Hb20 10ta Sport,1,1,Cor,Branco,1,1,Versão,10ta Sport,1,1,Ano do modelo,2022,1,1,Quilometragem,76807,1,1,Transmissão,Automatico,1,1,Combustivel,Flex,1,1,Marca,hyundai,1,1,Ano de Fabricação,2021,1,1,Portas,5,1,1,Motor,1.0,1,1,Chassi,9bhcp51bbnp233807,1,1,Condição,USADO,1,1,Cidade,brasilia,1,1,Estado,distrito federal,1,1,,,,,,,,,,
1168,simple,RM-8061230,,Volkswagen Novo Gol Track Mcv 2018,1,0,visible,flex | 99140 km | branco | manual,,,,taxable,,1,1,,0,1,,,,,1,,,49900,"Carro, Hatch","Abs, Airbag, Airbag Duplo, Alarme, Ar Quente, Ar-Condicionado, Cambio Manual, Cd Controle No Volante, Chave Copiareserva, Computador De Bordo, Desembacador Traseiro, Direcao Hidraulica, Encosto De Cabeca Traseiro, Farol De Milha, Ipva Pago E Licenciado, Kit Multimidia, Limpador Traseiro, Manual Do Proprietario, Porta Copos, Regulagem Altura Do Banco, Retrovisor Eletrico, Rodas De Liga Leve, Sensor De Estacionamento, Som Multimidia, Trava Eletrica, Trio Eletrico, Unico Dono, Usb, Vidros Eletricos, Vidros Eletricos Dianteiros, Volante Com Multifuncao",,"https://rodovia-veiculos-wordpress.75516c.easypanel.host/wp-content/uploads/2026/05/8061230_0_O_9d092d4a97-6.jpg, https://rodovia-veiculos-wordpress.75516c.easypanel.host/wp-content/uploads/2026/05/8061230_1_O_a56a267114-6.jpeg, https://rodovia-veiculos-wordpress.75516c.easypanel.host/wp-content/uploads/2026/05/8061230_2_O_8d7b5781e4-6.jpeg, https://rodovia-veiculos-wordpress.75516c.easypanel.host/wp-content/uploads/2026/05/8061230_3_O_695c74e003-6.jpeg, https://rodovia-veiculos-wordpress.75516c.easypanel.host/wp-content/uploads/2026/05/8061230_4_O_be9d97c15e-6.jpeg, https://rodovia-veiculos-wordpress.75516c.easypanel.host/wp-content/uploads/2026/05/8061230_5_O_88886a2ab7-6.jpeg, https://rodovia-veiculos-wordpress.75516c.easypanel.host/wp-content/uploads/2026/05/8061230_6_O_195ed42734-6.jpeg, https://rodovia-veiculos-wordpress.75516c.easypanel.host/wp-content/uploads/2026/05/8061230_7_O_30d8318465-6.jpeg, https://rodovia-veiculos-wordpress.75516c.easypanel.host/wp-content/uploads/2026/05/8061230_8_O_3b14bec926-6.jpeg, https://rodovia-veiculos-wordpress.75516c.easypanel.host/wp-content/uploads/2026/05/8061230_9_O_2e902eee8e-6.jpeg, https://rodovia-veiculos-wordpress.75516c.easypanel.host/wp-content/uploads/2026/05/8061230_10_O_57ceea6596-6.jpg, https://rodovia-veiculos-wordpress.75516c.easypanel.host/wp-content/uploads/2026/05/8061230_11_O_339383dbd3-6.jpeg, https://rodovia-veiculos-wordpress.75516c.easypanel.host/wp-content/uploads/2026/05/8061230_12_O_fd8682e585-6.jpeg, https://rodovia-veiculos-wordpress.75516c.easypanel.host/wp-content/uploads/2026/05/8061230_13_O_8171235d80-6.jpeg, https://rodovia-veiculos-wordpress.75516c.easypanel.host/wp-content/uploads/2026/05/8061230_14_O_c33d61dbcf-6.jpeg, https://rodovia-veiculos-wordpress.75516c.easypanel.host/wp-content/uploads/2026/05/8061230_15_O_c81d53ec17-6.jpeg, https://rodovia-veiculos-wordpress.75516c.easypanel.host/wp-content/uploads/2026/05/8061230_16_O_401caf2ac0-6.jpeg, https://rodovia-veiculos-wordpress.75516c.easypanel.host/wp-content/uploads/2026/05/8061230_17_O_a5ae545440-6.jpeg, https://rodovia-veiculos-wordpress.75516c.easypanel.host/wp-content/uploads/2026/05/8061230_18_O_ae3731124d-6.jpeg, https://rodovia-veiculos-wordpress.75516c.easypanel.host/wp-content/uploads/2026/05/8061230_19_O_f3f1d7442d-6.jpeg",,,,,,,,,0,,Novo Gol Track Mcv,Branco,Novo Track Mcv,2018,99140,Manual,Flex,1,Abs | Airbag | Alarme | Ar-Condicionado | Ar Quente | Cambio Manual | Desembacador Traseiro | Direcao Hidraulica | Limpador Traseiro | Retrovisor Eletrico | Rodas De Liga Leve | Sensor De Estacionamento | Som Multimidia | Trava Eletrica | Vidros Eletricos | Airbag Duplo | Cd Controle No Volante | Chave Copiareserva | Computador De Bordo | Encosto De Cabeca Traseiro | Farol De Milha | Ipva Pago E Licenciado | Kit Multimidia | Manual Do Proprietario | Porta Copos | Regulagem Altura Do Banco | Trio Eletrico | Unico Dono | Usb | Vidros Eletricos Dianteiros | Volante Com Multifuncao,8061230,volkswagen,2018,4,pbg4221,1.0,9bwag45u2jt133478,USADO,brasilia,distrito federal,"[""https://s3.carro57.com.br/FC/2583/8061230_0_O_9d092d4a97.png"",""https://s3.carro57.com.br/FC/2583/8061230_1_O_a56a267114.jpeg"",""https://s3.carro57.com.br/FC/2583/8061230_2_O_8d7b5781e4.jpeg"",""https://s3.carro57.com.br/FC/2583/8061230_3_O_695c74e003.jpeg"",""https://s3.carro57.com.br/FC/2583/8061230_4_O_be9d97c15e.jpeg"",""https://s3.carro57.com.br/FC/2583/8061230_5_O_88886a2ab7.jpeg"",""https://s3.carro57.com.br/FC/2583/8061230_6_O_195ed42734.jpeg"",""https://s3.carro57.com.br/FC/2583/8061230_7_O_30d8318465.jpeg"",""https://s3.carro57.com.br/FC/2583/8061230_8_O_3b14bec926.jpeg"",""https://s3.carro57.com.br/FC/2583/8061230_9_O_2e902eee8e.jpeg"",""https://s3.carro57.com.br/FC/2583/8061230_10_O_57ceea6596.png"",""https://s3.carro57.com.br/FC/2583/8061230_11_O_339383dbd3.jpeg"",""https://s3.carro57.com.br/FC/2583/8061230_12_O_fd8682e585.jpeg"",""https://s3.carro57.com.br/FC/2583/8061230_13_O_8171235d80.jpeg"",""https://s3.carro57.com.br/FC/2583/8061230_14_O_c33d61dbcf.jpeg"",""https://s3.carro57.com.br/FC/2583/8061230_15_O_c81d53ec17.jpeg"",""https://s3.carro57.com.br/FC/2583/8061230_16_O_401caf2ac0.jpeg"",""https://s3.carro57.com.br/FC/2583/8061230_17_O_a5ae545440.jpeg"",""https://s3.carro57.com.br/FC/2583/8061230_18_O_ae3731124d.jpeg"",""https://s3.carro57.com.br/FC/2583/8061230_19_O_f3f1d7442d.jpeg""]",19f4d7ac,Modelo,Novo Gol Track Mcv,1,1,Cor,Branco,1,1,Versão,Novo Track Mcv,1,1,Ano do modelo,2018,1,1,Quilometragem,99140,1,1,Transmissão,Manual,1,1,Combustivel,Flex,1,1,Marca,volkswagen,1,1,Ano de Fabricação,2018,1,1,Portas,4,1,1,Motor,1.0,1,1,Chassi,9bwag45u2jt133478,1,1,Condição,USADO,1,1,Cidade,brasilia,1,1,Estado,distrito federal,1,1,,,,,,,,,,
1169,simple,RM-7358019,,Jeep Renegade Lngtd At 2016,1,0,visible,flex | 158314 km | branco | automatico,,,,taxable,,1,1,,0,1,,,,,1,,,64900,Carro,"Airbag, Alarme, Ar Quente, Ar-Condicionado, Bancos De Couro, Cambio Automatico, Camera De Re, Chave Copiareserva, Computador De Bordo, Console Central, Desembacador Traseiro, Direcao Eletrica, Encosto De Cabeca Traseiro, Kit Multimidia, Limpador Traseiro, Manual Do Proprietario, Porta Copos, Retrovisor Eletrico, Rodas De Liga Leve, Trava Eletrica, Vidros Eletricos, Volante Com Multifuncao",,"https://rodovia-veiculos-wordpress.75516c.easypanel.host/wp-content/uploads/2026/05/7358019_0_O_de34de1e06-9.jpg, https://rodovia-veiculos-wordpress.75516c.easypanel.host/wp-content/uploads/2026/05/7358019_1_O_2133c1bf41-9.jpeg, https://rodovia-veiculos-wordpress.75516c.easypanel.host/wp-content/uploads/2026/05/7358019_2_O_21f2761cd3-9.jpeg, https://rodovia-veiculos-wordpress.75516c.easypanel.host/wp-content/uploads/2026/05/7358019_3_O_93b28ed32a-9.jpeg, https://rodovia-veiculos-wordpress.75516c.easypanel.host/wp-content/uploads/2026/05/7358019_7_O_440f1ae07b-9.jpeg, https://rodovia-veiculos-wordpress.75516c.easypanel.host/wp-content/uploads/2026/05/7358019_8_O_f1d1442a82-9.jpeg, https://rodovia-veiculos-wordpress.75516c.easypanel.host/wp-content/uploads/2026/05/7358019_4_O_5d547e10a3-9.jpeg, https://rodovia-veiculos-wordpress.75516c.easypanel.host/wp-content/uploads/2026/05/7358019_5_O_1225d82100-9.jpeg, https://rodovia-veiculos-wordpress.75516c.easypanel.host/wp-content/uploads/2026/05/7358019_9_O_9c832c038b-9.jpeg, https://rodovia-veiculos-wordpress.75516c.easypanel.host/wp-content/uploads/2026/05/7358019_6_O_f48a58b3dc-9.jpeg",,,,,,,,,0,,Renegade Lngtd At,Branco,Lngtd At,2016,158314,Automatico,Flex,1,Airbag | Alarme | Ar-Condicionado | Ar Quente | Bancos De Couro | Cambio Automatico | Desembacador Traseiro | Direcao Eletrica | Limpador Traseiro | Retrovisor Eletrico | Rodas De Liga Leve | Trava Eletrica | Vidros Eletricos | Camera De Re | Chave Copiareserva | Computador De Bordo | Console Central | Encosto De Cabeca Traseiro | Kit Multimidia | Manual Do Proprietario | Porta Copos | Volante Com Multifuncao,7358019,jeep,2016,5,paq1126,1.8,988611122gk074333,USADO,brasilia,distrito federal,"[""https://s3.carro57.com.br/FC/2583/7358019_0_O_de34de1e06.png"",""https://s3.carro57.com.br/FC/2583/7358019_1_O_2133c1bf41.jpeg"",""https://s3.carro57.com.br/FC/2583/7358019_2_O_21f2761cd3.jpeg"",""https://s3.carro57.com.br/FC/2583/7358019_3_O_93b28ed32a.jpeg"",""https://s3.carro57.com.br/FC/2583/7358019_7_O_440f1ae07b.jpeg"",""https://s3.carro57.com.br/FC/2583/7358019_8_O_f1d1442a82.jpeg"",""https://s3.carro57.com.br/FC/2583/7358019_4_O_5d547e10a3.jpeg"",""https://s3.carro57.com.br/FC/2583/7358019_5_O_1225d82100.jpeg"",""https://s3.carro57.com.br/FC/2583/7358019_9_O_9c832c038b.jpeg"",""https://s3.carro57.com.br/FC/2583/7358019_6_O_f48a58b3dc.jpeg""]",41444d15,Modelo,Renegade Lngtd At,1,1,Cor,Branco,1,1,Versão,Lngtd At,1,1,Ano do modelo,2016,1,1,Quilometragem,158314,1,1,Transmissão,Automatico,1,1,Combustivel,Flex,1,1,Marca,jeep,1,1,Ano de Fabricação,2016,1,1,Portas,5,1,1,Motor,1.8,1,1,Chassi,988611122gk074333,1,1,Condição,USADO,1,1,Cidade,brasilia,1,1,Estado,distrito federal,1,1,,,,,,,,,,
1170,simple,RM-7928087,,Renault Captur Inten 16a 2018,1,0,visible,flex | 96630 km | prata | automatico,,,,taxable,,1,1,,0,1,,,,,1,,,72900,Carro,"Airbag, Alarme, Apoio De Braco, Ar-Condicionado, Bancos De Couro, Cambio Automatico, Camera De Re, Chave Copiareserva, Chave Presencial, Computador De Bordo, Console Central, Desembacador Traseiro, Encosto De Cabeca Traseiro, Ipva Pago E Licenciado, Isofix, Limpador Traseiro, Manual Do Proprietario, Porta Copos, Retrovisor Eletrico, Rodas De Liga Leve, Som Multimidia, Touch Screen, Trava Eletrica, Vidros Eletricos, Volante Com Multifuncao",,"https://rodovia-veiculos-wordpress.75516c.easypanel.host/wp-content/uploads/2026/05/7928087_0_O_7ac1d0cfaf-9.jpg, https://rodovia-veiculos-wordpress.75516c.easypanel.host/wp-content/uploads/2026/05/7928087_9_O_f4bc02dd6a-9.jpeg, https://rodovia-veiculos-wordpress.75516c.easypanel.host/wp-content/uploads/2026/05/7928087_2_O_a015895ca7-9.jpeg, https://rodovia-veiculos-wordpress.75516c.easypanel.host/wp-content/uploads/2026/05/7928087_3_O_6d073ce281-9.jpeg, https://rodovia-veiculos-wordpress.75516c.easypanel.host/wp-content/uploads/2026/05/7928087_4_O_9e1c6c280f-9.jpeg, https://rodovia-veiculos-wordpress.75516c.easypanel.host/wp-content/uploads/2026/05/7928087_5_O_690d88c17f-9.jpeg, https://rodovia-veiculos-wordpress.75516c.easypanel.host/wp-content/uploads/2026/05/7928087_6_O_44d22f8402-9.jpeg, https://rodovia-veiculos-wordpress.75516c.easypanel.host/wp-content/uploads/2026/05/7928087_7_O_8fcc5b1179-9.jpeg, https://rodovia-veiculos-wordpress.75516c.easypanel.host/wp-content/uploads/2026/05/7928087_8_O_67f3fb1912-9.jpeg, https://rodovia-veiculos-wordpress.75516c.easypanel.host/wp-content/uploads/2026/05/7928087_9_O_18da2a55f4-9.jpeg",,,,,,,,,0,,Captur Inten 16a,Prata,Inten 16a,2018,96630,Automatico,Flex,1,Airbag | Alarme | Apoio De Braco | Ar-Condicionado | Bancos De Couro | Cambio Automatico | Desembacador Traseiro | Limpador Traseiro | Retrovisor Eletrico | Rodas De Liga Leve | Som Multimidia | Trava Eletrica | Vidros Eletricos | Camera De Re | Chave Copiareserva | Chave Presencial | Computador De Bordo | Console Central | Encosto De Cabeca Traseiro | Ipva Pago E Licenciado | Isofix | Manual Do Proprietario | Porta Copos | Touch Screen | Volante Com Multifuncao,7928087,renault,2017,5,pbc0681,1.6,93yrhamh7jj085381,USADO,brasilia,distrito federal,"[""https://s3.carro57.com.br/FC/2583/7928087_0_O_7ac1d0cfaf.png"",""https://s3.carro57.com.br/FC/2583/7928087_9_O_f4bc02dd6a.jpeg"",""https://s3.carro57.com.br/FC/2583/7928087_2_O_a015895ca7.jpeg"",""https://s3.carro57.com.br/FC/2583/7928087_3_O_6d073ce281.jpeg"",""https://s3.carro57.com.br/FC/2583/7928087_4_O_9e1c6c280f.jpeg"",""https://s3.carro57.com.br/FC/2583/7928087_5_O_690d88c17f.jpeg"",""https://s3.carro57.com.br/FC/2583/7928087_6_O_44d22f8402.jpeg"",""https://s3.carro57.com.br/FC/2583/7928087_7_O_8fcc5b1179.jpeg"",""https://s3.carro57.com.br/FC/2583/7928087_8_O_67f3fb1912.jpeg"",""https://s3.carro57.com.br/FC/2583/7928087_9_O_18da2a55f4.jpeg""]",756fcb5,Modelo,Captur Inten 16a,1,1,Cor,Prata,1,1,Versão,Inten 16a,1,1,Ano do modelo,2018,1,1,Quilometragem,96630,1,1,Transmissão,Automatico,1,1,Combustivel,Flex,1,1,Marca,renault,1,1,Ano de Fabricação,2017,1,1,Portas,5,1,1,Motor,1.6,1,1,Chassi,93yrhamh7jj085381,1,1,Condição,USADO,1,1,Cidade,brasilia,1,1,Estado,distrito federal,1,1,,,,,,,,,,
1171,simple,RM-7878652,,Toyota Yaris Ha Xs15 2024,1,1,visible,flex | 29660 km | preto | automatico,,,,taxable,,1,1,,0,1,,,,,1,,,97900,Carro,"Airbag, Alarme, Apoio De Braco, Ar Quente, Ar-Condicionado, Cambio Automatico, Camera De Re, Computador De Bordo, Desembacador Traseiro, Direcao Eletrica, Encosto De Cabeca Traseiro, Ipva Pago E Licenciado, Isofix, Limpador Traseiro, Porta Copos, Regulagem Altura Do Banco, Retrovisor Eletrico, Rodas De Liga Leve, Som Multimidia, Touch Screen, Trava Eletrica, Trio Eletrico, Usb, Vidros Eletricos, Volante Com Multifuncao, Volante Com Regulagem De Altura E Profundidade",,"https://rodovia-veiculos-wordpress.75516c.easypanel.host/wp-content/uploads/2026/05/7878652_11_O_ed486ae0ac-10.jpeg, https://rodovia-veiculos-wordpress.75516c.easypanel.host/wp-content/uploads/2026/05/7878652_11_O_543c8f2e3f-10.jpeg, https://rodovia-veiculos-wordpress.75516c.easypanel.host/wp-content/uploads/2026/05/7878652_0_O_1da1196983-8.jpg, https://rodovia-veiculos-wordpress.75516c.easypanel.host/wp-content/uploads/2026/05/7878652_1_O_ee8283c2d3-8.jpeg, https://rodovia-veiculos-wordpress.75516c.easypanel.host/wp-content/uploads/2026/05/7878652_2_O_9713d872ea-8.jpeg, https://rodovia-veiculos-wordpress.75516c.easypanel.host/wp-content/uploads/2026/05/7878652_3_O_a2f72c7382-8.jpeg, https://rodovia-veiculos-wordpress.75516c.easypanel.host/wp-content/uploads/2026/05/7878652_4_O_7a3e271ec8-8.jpeg, https://rodovia-veiculos-wordpress.75516c.easypanel.host/wp-content/uploads/2026/05/7878652_5_O_93f4d58762-8.jpeg, https://rodovia-veiculos-wordpress.75516c.easypanel.host/wp-content/uploads/2026/05/7878652_6_O_445de8e338-8.jpeg, https://rodovia-veiculos-wordpress.75516c.easypanel.host/wp-content/uploads/2026/05/7878652_7_O_2bf43e54e7-8.jpeg, https://rodovia-veiculos-wordpress.75516c.easypanel.host/wp-content/uploads/2026/05/7878652_8_O_09ba16c147-8.jpeg, https://rodovia-veiculos-wordpress.75516c.easypanel.host/wp-content/uploads/2026/05/7878652_9_O_31b51d40f7-8.jpeg",,,,,,,,,0,Toyota,Yaris Ha Xs15,Preto,Ha Xs15,2024,29660,Automatico,Flex,1,Airbag | Alarme | Apoio De Braco | Ar-Condicionado | Ar Quente | Cambio Automatico | Desembacador Traseiro | Direcao Eletrica | Limpador Traseiro | Retrovisor Eletrico | Rodas De Liga Leve | Som Multimidia | Trava Eletrica | Vidros Eletricos | Camera De Re | Computador De Bordo | Encosto De Cabeca Traseiro | Ipva Pago E Licenciado | Isofix | Porta Copos | Regulagem Altura Do Banco | Touch Screen | Trio Eletrico | Usb | Volante Com Multifuncao | Volante Com Regulagem De Altura E Profundidade,7878652,toyota,2023,5,ssg5h37,1.5,9brkc3f34r8282993,USADO,brasilia,distrito federal,"[""https://s3.carro57.com.br/FC/2583/7878652_11_O_ed486ae0ac.jpeg"",""https://s3.carro57.com.br/FC/2583/7878652_11_O_543c8f2e3f.jpeg"",""https://s3.carro57.com.br/FC/2583/7878652_0_O_1da1196983.png"",""https://s3.carro57.com.br/FC/2583/7878652_1_O_ee8283c2d3.jpeg"",""https://s3.carro57.com.br/FC/2583/7878652_2_O_9713d872ea.jpeg"",""https://s3.carro57.com.br/FC/2583/7878652_3_O_a2f72c7382.jpeg"",""https://s3.carro57.com.br/FC/2583/7878652_4_O_7a3e271ec8.jpeg"",""https://s3.carro57.com.br/FC/2583/7878652_5_O_93f4d58762.jpeg"",""https://s3.carro57.com.br/FC/2583/7878652_6_O_445de8e338.jpeg"",""https://s3.carro57.com.br/FC/2583/7878652_7_O_2bf43e54e7.jpeg"",""https://s3.carro57.com.br/FC/2583/7878652_8_O_09ba16c147.jpeg"",""https://s3.carro57.com.br/FC/2583/7878652_9_O_31b51d40f7.jpeg""]",54fa44d4,Chassi,9brkc3f34r8282993,1,1,Portas,5,1,1,Modelo,Yaris Ha Xs15,1,1,Cor,Preto,1,1,Versão,Ha Xs15,1,1,Ano do modelo,2024,1,1,Quilometragem,29660,1,1,Transmissão,Automatico,1,1,Combustivel,Flex,1,1,Marca,toyota,1,1,Ano de Fabricação,2023,1,1,Motor,1.5,1,1,Condição,USADO,1,1,Cidade,brasilia,1,1,Estado,distrito federal,1,1,field_69f39364849e7,field_69f39cf84e22b,,field_69f39370849e8,field_69f39d034e22c,field_69f39d084e22d,field_69f39d154e22e,field_69f39d1a4e22f,field_69f39d204e230,field_69f39d294e231
